Date,Description,"Card Member","Account #",Amount
01/06/2026,"DELTA AIR LINES ATLANTA GA","JORDAN LEE",-31005,382.28
01/10/2026,"MARRIOTT HOTELS CHICAGO IL","JORDAN LEE",-31005,424.89
01/15/2026,"MARRIOTT HOTELS CHICAGO IL","JORDAN LEE",-31005,408.35
01/17/2026,"MARRIOTT HOTELS CHICAGO IL","JORDAN LEE",-31005,417.00
01/18/2026,"LINKEDIN PREMIUM 855-655-5653 CA","JORDAN LEE",-31005,59.99
01/18/2026,"DELTA AIR LINES ATLANTA GA","JORDAN LEE",-31005,698.39
01/22/2026,"MARRIOTT HOTELS CHICAGO IL","JORDAN LEE",-31005,215.53
01/24/2026,"ONLINE PAYMENT - THANK YOU","JORDAN LEE",-31005,-1996.52
02/06/2026,"UBER   *TRIP 80F8D","JORDAN LEE",-31005,15.41
02/07/2026,"LINKEDIN PREMIUM 855-655-5653 CA","JORDAN LEE",-31005,59.99
02/09/2026,"TST* THE GRILL ROOM NEW YORK NY","JORDAN LEE",-31005,154.50
02/10/2026,"TST* THE GRILL ROOM NEW YORK NY","JORDAN LEE",-31005,94.88
02/14/2026,"MARRIOTT HOTELS CHICAGO IL","JORDAN LEE",-31005,218.08
02/15/2026,"UBER   *TRIP 7572A","JORDAN LEE",-31005,49.71
02/24/2026,"DELTA AIR LINES ATLANTA GA","JORDAN LEE",-31005,554.76
02/24/2026,"ONLINE PAYMENT - THANK YOU","JORDAN LEE",-31005,-2016.72
03/03/2026,"TST* THE GRILL ROOM NEW YORK NY","JORDAN LEE",-31005,78.17
03/06/2026,"STAPLES 00123 BERKELEY CA","JORDAN LEE",-31005,30.81
03/09/2026,"DELTA AIR LINES ATLANTA GA","JORDAN LEE",-31005,441.25
03/09/2026,"LINKEDIN PREMIUM 855-655-5653 CA","JORDAN LEE",-31005,59.99
03/10/2026,"STAPLES 00123 BERKELEY CA","JORDAN LEE",-31005,82.60
03/17/2026,"LINKEDIN PREMIUM 855-655-5653 CA","JORDAN LEE",-31005,59.99
03/22/2026,"LINKEDIN PREMIUM 855-655-5653 CA","JORDAN LEE",-31005,59.99
03/24/2026,"ONLINE PAYMENT - THANK YOU","JORDAN LEE",-31005,-2971.26
