"Transaction Date","Posted Date","Card No.",Description,Category,Debit,Credit
2026-01-03,2026-01-04,9934,"LYFT *RIDE 33D38","Other Travel",38.22,
2026-01-05,2026-01-06,9934,"AMAZON MKTPL*B1B67CA74",Merchandise,20.07,
2026-01-09,2026-01-10,9934,"AMAZON MKTPL*3FAC09921",Merchandise,54.75,
2026-01-16,2026-01-17,9934,"FACEBOOK ADS 132975","Other Services",101.15,
2026-01-18,2026-01-19,9934,"MAILCHIMP *MONTHLY","Other Services",29.99,
2026-01-20,2026-01-21,9934,"CAPITAL ONE ONLINE PYMT",Payment/Credit,,2007.89
2026-01-24,2026-01-25,9934,"DOORDASH*NORTHWIND STAFF",Dining,73.68,
2026-01-24,2026-01-25,9934,WEBSTAURANTSTORE.COM,Merchandise,429.82,
2026-01-25,2026-01-26,9934,"LYFT *RIDE 769CF","Other Travel",22.38,
2026-01-26,2026-01-27,9934,WEBSTAURANTSTORE.COM,Merchandise,195.16,
2026-02-04,2026-02-05,9934,"DOORDASH*NORTHWIND STAFF",Dining,86.26,
2026-02-05,2026-02-06,9934,"MAILCHIMP *MONTHLY","Other Services",29.99,
2026-02-11,2026-02-12,9934,"DOORDASH*NORTHWIND STAFF",Dining,43.72,
2026-02-13,2026-02-14,9934,"LYFT *RIDE 7928D","Other Travel",25.19,
2026-02-14,2026-02-15,9934,"LYFT *RIDE 7FA50","Other Travel",26.11,
2026-02-20,2026-02-21,9934,"AMAZON MKTPL*C540ECD6D",Merchandise,20.60,
2026-02-20,2026-02-21,9934,"CAPITAL ONE ONLINE PYMT",Payment/Credit,,2114.73
2026-02-22,2026-02-23,9934,"FACEBOOK ADS 374363","Other Services",37.15,
2026-02-26,2026-02-27,9934,"DOORDASH*NORTHWIND STAFF",Dining,78.98,
2026-02-26,2026-02-27,9934,"LYFT *RIDE D2293","Other Travel",28.37,
2026-03-04,2026-03-05,9934,"LYFT *RIDE 66AB7","Other Travel",25.60,
2026-03-05,2026-03-06,9934,"DOORDASH*NORTHWIND STAFF",Dining,62.03,
2026-03-05,2026-03-06,9934,"LYFT *RIDE 421CF","Other Travel",19.45,
2026-03-05,2026-03-06,9934,"DOORDASH*NORTHWIND STAFF",Dining,72.39,
2026-03-09,2026-03-10,9934,"AMAZON MKTPL*7C593F19B",Merchandise,55.36,
2026-03-13,2026-03-14,9934,"LYFT *RIDE B3DAE","Other Travel",11.51,
2026-03-14,2026-03-15,9934,WEBSTAURANTSTORE.COM,Merchandise,478.81,
2026-03-20,2026-03-21,9934,"CAPITAL ONE ONLINE PYMT",Payment/Credit,,1838.94
2026-03-24,2026-03-25,9934,"FACEBOOK ADS 992365","Other Services",33.88,
2026-03-27,2026-03-28,9934,WEBSTAURANTSTORE.COM,Merchandise,395.45,
