Details,"Posting Date",Description,Amount,Type,Balance,"Check or Slip #"
DEBIT,01/01/2026,"ACH DEBIT ACME PROPERTY MGMT RENT 0126",-4200.00,ACH_DEBIT,20800.00,,
CREDIT,01/01/2026,"SQUARE INC DEPOSIT SQ314243",2545.50,ACH_CREDIT,23345.50,,
DEBIT,01/02/2026,"SYSCO SAN FRANCISCO INV 7679995",-1128.84,ACH_DEBIT,22216.66,,
CREDIT,01/02/2026,"SQUARE INC DEPOSIT SQ176370",1880.85,ACH_CREDIT,24097.51,,
DEBIT,01/03/2026,"PG&E WEB ONLINE 0103 477722",-337.17,ACH_DEBIT,23760.34,,
DEBIT,01/03/2026,"PACIFIC COFFEE ROASTERS INV 49038",-550.56,ACH_DEBIT,23209.78,,
DEBIT,01/05/2026,"COMCAST BUSINESS 800-391-3000",-189.99,ACH_DEBIT,23019.79,,
CREDIT,01/05/2026,"SQUARE INC DEPOSIT SQ941481",2448.02,ACH_CREDIT,25467.81,,
CREDIT,01/06/2026,"SQUARE INC DEPOSIT SQ818811",1476.04,ACH_CREDIT,26943.85,,
CREDIT,01/07/2026,"SQUARE INC DEPOSIT SQ504871",2331.58,ACH_CREDIT,29275.43,,
DEBIT,01/08/2026,"ADOBE *CREATIVE CLD 800-833-6687 CA",-59.99,DEBIT_CARD,29215.44,,
CREDIT,01/08/2026,"SQUARE INC DEPOSIT SQ239405",2772.59,ACH_CREDIT,31988.03,,
DEBIT,01/09/2026,"SYSCO SAN FRANCISCO INV 3625100",-1228.49,ACH_DEBIT,30759.54,,
CREDIT,01/09/2026,"SQUARE INC DEPOSIT SQ870240",2579.15,ACH_CREDIT,33338.69,,
DEBIT,01/10/2026,"PACIFIC COFFEE ROASTERS INV 23779",-678.82,ACH_DEBIT,32659.87,,
DEBIT,01/11/2026,"HOME DEPOT #1012 SAN FRANCISCO CA",-93.74,DEBIT_CARD,32566.13,,
DEBIT,01/12/2026,"GOOGLE *WORKSPACE NORTHWIND CC@GOOGLE.COM CA",-24.00,DEBIT_CARD,32542.13,,
CREDIT,01/12/2026,"SQUARE INC DEPOSIT SQ565551",2097.91,ACH_CREDIT,34640.04,,
CREDIT,01/13/2026,"SQUARE INC DEPOSIT SQ900312",2194.84,ACH_CREDIT,36834.88,,
CREDIT,01/14/2026,"SQUARE INC DEPOSIT SQ634848",1984.06,ACH_CREDIT,38818.94,,
DEBIT,01/15/2026,"STATE FARM INSURANCE 800-782-8332",-312.50,ACH_DEBIT,38506.44,,
CREDIT,01/15/2026,"SQUARE INC DEPOSIT SQ590351",1672.37,ACH_CREDIT,40178.81,,
DEBIT,01/16/2026,"SYSCO SAN FRANCISCO INV 3859151",-1326.56,ACH_DEBIT,38852.25,,
CREDIT,01/16/2026,"SQUARE INC DEPOSIT SQ849664",1870.93,ACH_CREDIT,40723.18,,
DEBIT,01/17/2026,"PACIFIC COFFEE ROASTERS INV 31669",-801.02,ACH_DEBIT,39922.16,,
DEBIT,01/18/2026,"SHELL OIL 57444 SAN FRANCISCO CA",-168.00,DEBIT_CARD,39754.16,,
CREDIT,01/19/2026,"SQUARE INC DEPOSIT SQ583707",1986.86,ACH_CREDIT,41741.02,,
CREDIT,01/20/2026,"SQUARE INC DEPOSIT SQ517189",1576.30,ACH_CREDIT,43317.32,,
DEBIT,01/20/2026,"SHELL OIL 57444 SAN FRANCISCO CA",-86.80,DEBIT_CARD,43230.52,,
CREDIT,01/21/2026,"SQUARE INC DEPOSIT SQ496744",2824.85,ACH_CREDIT,46055.37,,
CREDIT,01/22/2026,"SQUARE INC DEPOSIT SQ982202",1483.37,ACH_CREDIT,47538.74,,
DEBIT,01/23/2026,"SYSCO SAN FRANCISCO INV 4993027",-874.87,ACH_DEBIT,46663.87,,
CREDIT,01/23/2026,"SQUARE INC DEPOSIT SQ758320",2781.22,ACH_CREDIT,49445.09,,
DEBIT,01/24/2026,"PACIFIC COFFEE ROASTERS INV 67544",-668.19,ACH_DEBIT,48776.90,,
CREDIT,01/26/2026,"SQUARE INC DEPOSIT SQ564760",1837.76,ACH_CREDIT,50614.66,,
DEBIT,01/26/2026,"HOME DEPOT #1012 SAN FRANCISCO CA",-101.63,DEBIT_CARD,50513.03,,
CREDIT,01/27/2026,"SQUARE INC DEPOSIT SQ854978",2699.26,ACH_CREDIT,53212.29,,
DEBIT,01/28/2026,"MONTHLY SERVICE FEE",-15.00,FEE_TRANSACTION,53197.29,,
CREDIT,01/28/2026,"SQUARE INC DEPOSIT SQ944677",1694.73,ACH_CREDIT,54892.02,,
DEBIT,01/28/2026,"SQ *SUNRISE BAKERY OAKLAND CA",-81.46,DEBIT_CARD,54810.56,,
CREDIT,01/29/2026,"SQUARE INC DEPOSIT SQ764262",1453.97,ACH_CREDIT,56264.53,,
CREDIT,01/30/2026,"SQUARE INC DEPOSIT SQ257587",2156.26,ACH_CREDIT,58420.79,,
DEBIT,01/31/2026,"SQ *SUNRISE BAKERY OAKLAND CA",-103.87,DEBIT_CARD,58316.92,,
